,id,companyId,name,description,careerPageId,careerPageName,careerPageLogo,careerPageUrl,type,publishedDate,applicationDeadline,isRemoteWork,city,state,country,jobUrl,workplaceType,disabilities,skills,badges
0,10997989,57061,20816-Analista Desenvolvedor (a) Python ,"Na Hitss, a inovação é o nosso combustível, a curiosidade é o nosso motor e o respeito pelo cliente é o nosso guia. Se você é movido pela paixão em criar soluções tecnológicas disruptivas, se busca constantemente desafios que ampliem os limites do possível e se acredita que colocar o cliente em primeiro lugar é a chave para o sucesso, então você está no lugar certo.Queremos pessoas que se destaquem, que pensem fora da caixa e estejam dispostas a desbravar novos horizontes. Aqui, cada ideia é valorizada, cada pergunta é incentivada e cada desafio é encarado como uma oportunidade de aprendizado e crescimento.Junte-se a nós e faça parte de uma cultura vibrante, onde a inovação é alimentada pela curiosidade incessante e onde o respeito pelo cliente permeia todas as nossas ações. Aqui, você terá a liberdade de explorar suas habilidades, colaborar com mentes brilhantes e transformar o futuro da tecnologia.Se você está pronto para fazer parte de uma empresa que acredita que o talento é a chave para o sucesso, envie seu currículo e junte-se à nossa equipe.Estamos ansiosos para conhecer você e impulsionar juntos a próxima geração de soluções tecnológicas.Venha ser um Hit!Responsabilidades e atribuiçõesAtribuições:Desenvolver análises e dashboards para apoio à tomada de decisão;Atuar na modelagem de dados para construção de painéis;Realizar análises exploratórias e validações de qualidade dos dados;Trabalhar em parceria com times de produto e áreas de negócio;Apoiar evolução da arquitetura de dados.Requisitos e qualificaçõesRequisitos necessáriosGraduação completa em Tecnologia da Informação ou áreas correlatas;Pós-graduação em TI, OU, 3 Certificações na área de atuação ou metodologias ágeis;Experiência com Power BI ou Looker;Experiência com SQL;Experiência com desenvolvimento em Python;Experiência com BigQuery;Experiência com DBT;Boa comunicação para interação com clientes.Informações adicionaisQuer conhecer todas as nossas vagas? Acesse a nossa página:Hitss - Trabalhe Conoscohttps://globalhitss.gupy.io/Importante: Todas as nossas vagas são elegíveis para profissionais com deficiência, equidade de gênero e raça/ etnia.",142570,Hitss Brasil,https://attachments.gupy.io/production/companies/57061/career/142570/images/2025-01-23_13-49_companyLogoUrl.png,https://globalhitss.gupy.io/eyJzb3VyY2UiOiJndXB5X3BvcnRhbCJ9,vacancy_type_effective,2026-03-21T00:38:41.169Z,2026-03-31,True,,,Brasil,https://globalhitss.gupy.io/job/eyJqb2JJZCI6MTA5OTc5ODksInNvdXJjZSI6Imd1cHlfcG9ydGFsIn0=?jobBoardSource=gupy_portal,remote,True,[],
1,10997982,57061,20815-Analista Desenvolvedor (a) Python ,"Na Hitss, a inovação é o nosso combustível, a curiosidade é o nosso motor e o respeito pelo cliente é o nosso guia. Se você é movido pela paixão em criar soluções tecnológicas disruptivas, se busca constantemente desafios que ampliem os limites do possível e se acredita que colocar o cliente em primeiro lugar é a chave para o sucesso, então você está no lugar certo.Queremos pessoas que se destaquem, que pensem fora da caixa e estejam dispostas a desbravar novos horizontes. Aqui, cada ideia é valorizada, cada pergunta é incentivada e cada desafio é encarado como uma oportunidade de aprendizado e crescimento.Junte-se a nós e faça parte de uma cultura vibrante, onde a inovação é alimentada pela curiosidade incessante e onde o respeito pelo cliente permeia todas as nossas ações. Aqui, você terá a liberdade de explorar suas habilidades, colaborar com mentes brilhantes e transformar o futuro da tecnologia.Se você está pronto para fazer parte de uma empresa que acredita que o talento é a chave para o sucesso, envie seu currículo e junte-se à nossa equipe.Estamos ansiosos para conhecer você e impulsionar juntos a próxima geração de soluções tecnológicas.Venha ser um Hit!Responsabilidades e atribuiçõesAtribuições:Desenvolver análises e dashboards para apoio à tomada de decisão;Atuar na modelagem de dados para construção de painéis;Realizar análises exploratórias e validações de qualidade dos dados;Trabalhar em parceria com times de produto e áreas de negócio;Apoiar evolução da arquitetura de dados.Requisitos e qualificaçõesRequisitos necessáriosGraduação completa em Tecnologia da Informação ou áreas correlatas;Pós-graduação em TI, OU, 3 Certificações na área de atuação ou metodologias ágeis;Experiência com Power BI ou Looker;Experiência com SQL;Experiência com desenvolvimento em Python;Experiência com BigQuery;Experiência com DBT;Boa comunicação para interação com clientes.Informações adicionaisQuer conhecer todas as nossas vagas? Acesse a nossa página:Hitss - Trabalhe Conoscohttps://globalhitss.gupy.io/Importante: Todas as nossas vagas são elegíveis para profissionais com deficiência, equidade de gênero e raça/ etnia.",142570,Hitss Brasil,https://attachments.gupy.io/production/companies/57061/career/142570/images/2025-01-23_13-49_companyLogoUrl.png,https://globalhitss.gupy.io/eyJzb3VyY2UiOiJndXB5X3BvcnRhbCJ9,vacancy_type_effective,2026-03-21T00:38:38.165Z,2026-03-31,True,,,Brasil,https://globalhitss.gupy.io/job/eyJqb2JJZCI6MTA5OTc5ODIsInNvdXJjZSI6Imd1cHlfcG9ydGFsIn0=?jobBoardSource=gupy_portal,remote,True,[],
2,10997986,57061,20817-Analista Desenvolvedor (a) Python ,"Na Hitss, a inovação é o nosso combustível, a curiosidade é o nosso motor e o respeito pelo cliente é o nosso guia. Se você é movido pela paixão em criar soluções tecnológicas disruptivas, se busca constantemente desafios que ampliem os limites do possível e se acredita que colocar o cliente em primeiro lugar é a chave para o sucesso, então você está no lugar certo.Queremos pessoas que se destaquem, que pensem fora da caixa e estejam dispostas a desbravar novos horizontes. Aqui, cada ideia é valorizada, cada pergunta é incentivada e cada desafio é encarado como uma oportunidade de aprendizado e crescimento.Junte-se a nós e faça parte de uma cultura vibrante, onde a inovação é alimentada pela curiosidade incessante e onde o respeito pelo cliente permeia todas as nossas ações. Aqui, você terá a liberdade de explorar suas habilidades, colaborar com mentes brilhantes e transformar o futuro da tecnologia.Se você está pronto para fazer parte de uma empresa que acredita que o talento é a chave para o sucesso, envie seu currículo e junte-se à nossa equipe.Estamos ansiosos para conhecer você e impulsionar juntos a próxima geração de soluções tecnológicas.Venha ser um Hit!Responsabilidades e atribuiçõesAtribuições:Desenvolver análises e dashboards para apoio à tomada de decisão;Atuar na modelagem de dados para construção de painéis;Realizar análises exploratórias e validações de qualidade dos dados;Trabalhar em parceria com times de produto e áreas de negócio;Apoiar evolução da arquitetura de dados.Requisitos e qualificaçõesRequisitos necessáriosGraduação completa em Tecnologia da Informação ou áreas correlatas;Pós-graduação em TI, OU, 6 Certificações na área de atuação ou metodologias ágeis;Experiência com Power BI ou Looker;Experiência com SQL;Experiência com desenvolvimento em Python;Boa comunicação para interação com clientes;Experiência com BigQuery;Experiência com DBT.Informações adicionaisQuer conhecer todas as nossas vagas? Acesse a nossa página:Hitss - Trabalhe Conoscohttps://globalhitss.gupy.io/Importante: Todas as nossas vagas são elegíveis para profissionais com deficiência, equidade de gênero e raça/ etnia.",142570,Hitss Brasil,https://attachments.gupy.io/production/companies/57061/career/142570/images/2025-01-23_13-49_companyLogoUrl.png,https://globalhitss.gupy.io/eyJzb3VyY2UiOiJndXB5X3BvcnRhbCJ9,vacancy_type_effective,2026-03-21T00:38:34.545Z,2026-04-06,True,,,Brasil,https://globalhitss.gupy.io/job/eyJqb2JJZCI6MTA5OTc5ODYsInNvdXJjZSI6Imd1cHlfcG9ydGFsIn0=?jobBoardSource=gupy_portal,remote,True,[],
3,10997992,57061,20814- Analista Desenvolvedor (a) Python ,"Na Hitss, a inovação é o nosso combustível, a curiosidade é o nosso motor e o respeito pelo cliente é o nosso guia. Se você é movido pela paixão em criar soluções tecnológicas disruptivas, se busca constantemente desafios que ampliem os limites do possível e se acredita que colocar o cliente em primeiro lugar é a chave para o sucesso, então você está no lugar certo.Queremos pessoas que se destaquem, que pensem fora da caixa e estejam dispostas a desbravar novos horizontes. Aqui, cada ideia é valorizada, cada pergunta é incentivada e cada desafio é encarado como uma oportunidade de aprendizado e crescimento.Junte-se a nós e faça parte de uma cultura vibrante, onde a inovação é alimentada pela curiosidade incessante e onde o respeito pelo cliente permeia todas as nossas ações. Aqui, você terá a liberdade de explorar suas habilidades, colaborar com mentes brilhantes e transformar o futuro da tecnologia.Se você está pronto para fazer parte de uma empresa que acredita que o talento é a chave para o sucesso, envie seu currículo e junte-se à nossa equipe.Estamos ansiosos para conhecer você e impulsionar juntos a próxima geração de soluções tecnológicas.Venha ser um Hit!Responsabilidades e atribuiçõesAtribuições:Desenvolver análises e dashboards para apoio à tomada de decisão;Atuar na modelagem de dados para construção de painéis;Realizar análises exploratórias e validações de qualidade dos dados;Trabalhar em parceria com times de produto e áreas de negócio;Apoiar evolução da arquitetura de dados.Requisitos e qualificaçõesRequisitos necessáriosGraduação completa em Tecnologia da Informação ou áreas correlatas;Pós-graduação em TI, OU, 3 Certificações na área de atuação ou metodologias ágeis;Experiência com Power BI ou Looker;Experiência com SQL;Experiência com desenvolvimento em Python;Experiência com BigQuery;Experiência com DBT;Boa comunicação para interação com clientes.Informações adicionaisQuer conhecer todas as nossas vagas? Acesse a nossa página:Hitss - Trabalhe Conoscohttps://globalhitss.gupy.io/Importante: Todas as nossas vagas são elegíveis para profissionais com deficiência, equidade de gênero e raça/ etnia.",142570,Hitss Brasil,https://attachments.gupy.io/production/companies/57061/career/142570/images/2025-01-23_13-49_companyLogoUrl.png,https://globalhitss.gupy.io/eyJzb3VyY2UiOiJndXB5X3BvcnRhbCJ9,vacancy_type_effective,2026-03-21T00:38:31.708Z,2026-03-31,True,,,Brasil,https://globalhitss.gupy.io/job/eyJqb2JJZCI6MTA5OTc5OTIsInNvdXJjZSI6Imd1cHlfcG9ydGFsIn0=?jobBoardSource=gupy_portal,remote,True,[],
4,11015541,50527,Pessoa Desenvolvedora Backend .NET - Sênior  ,"A FCamara está em busca de uma Pessoa Desenvolvedora Backend .NET - Sênior, para atuar em parceria com o maior Banco de Investimentos da América Latina, especializado em capital de investimento, de risco, além de gerenciamento de patrimônio e ativos globais.Responsabilidades e atribuiçõesModelar arquiteturas de software em nuvem;Ter conhecimento das tecnologias utilizadas pela equipe;Ter capacidade de medir esforços e definir prazos de implementação;Saber lidar com pressão de prazos;Solucionar problemas que surgem durante os projetos;Habilidade de gerenciar conflitos e expectativas;Proatividade.Requisitos e qualificaçõesHard Skills:Experiencia com nuvem (AWS, GCP, Azure, etc) (Mínimo de 1 ano);Experiência com .NET (C#) (Mais de 3 anos);Experience com banco de dados relacional (SQLServer, MySql, Postgres) (Mais de 3 anos);Design Patterns;Experiência com testes unitários (TDD);Conhecimento em GIT;Conhecimento de metodologias ágeis (Scrum);Conhecimento em Docker, Kubernets;Conhecimento em frameworks de messageria (Kafka, ActiveMQ, RabbitMQ, etc..);Boa comunicação e trabalho em equipe;Capacidade de escrever código robusto, testável e validado;Conhecimento em aplicações que precisem responder em alta disponibilidade e alta performance.&nbsp;Desejáveis:Conhecimento de Mercado Financeiro;Experiência com ferramentas de Code Quality (sonar);Experiência com ferramentas de APM (Dynatrace, AppDynamics, DataDog, etc...);Conhecimento em Prometheus, metricas e monitoramento;Experiência com aplicações SPA;Conhecimento em ElasticSearch, Apache Lucene e GraphQL;Experiência trabalhando com implantação e gerenciamento de nuvem;Experiência com gerenciamento e implantação de CI/CD.&nbsp;Soft Skills:Raciocínio lógico e capacidade analítica;Boa Comunicação;Espírito de equipe e capacidade de resolução de conflitos;Ter capacidade de comunicação com diversos perfis de stakeholders;Habilidade de trabalhar em equipes ágeis e multidisciplinares;Criatividade e Proatividade para imaginar diferentes cenários de uso das aplicações;Organização.Informações adicionais",117226,VENHA SER #SANGUELARANJA 🧡🚀,https://attachments.gupy.io/production/companies/50527/career/117226/images/2022-12-05_17-18_logo.png,https://fcamara.gupy.io/eyJzb3VyY2UiOiJndXB5X3BvcnRhbCJ9,vacancy_type_effective,2026-03-20T21:55:29.086Z,2026-05-18,False,São Paulo,São Paulo,Brasil,https://fcamara.gupy.io/job/eyJqb2JJZCI6MTEwMTU1NDEsInNvdXJjZSI6Imd1cHlfcG9ydGFsIn0=?jobBoardSource=gupy_portal,hybrid,True,[],"{'friendlyBadge': True, 'isPWD': True}"
5,11024149,39703,Desenvolvedor FullStack Sr.,"Estamos em busca de um(a) Desenvolvedor(a) de IA e Automação para atuar na concepção, prototipação, desenvolvimento e implementação de soluções inteligentes voltadas à otimização de processos, ganho de eficiência operacional e criação de novos fluxos automatizados de trabalho.Essa posição tem papel estratégico na transformação de demandas de negócio em soluções práticas, utilizando inteligência artificial, integrações via API, automação de processos e ferramentas low-code/no-code, com destaque para o uso de n8n e Python.O(a) profissional atuará de forma hands-on no desenvolvimento de protótipos, validação de hipóteses, construção de workflows automatizados e integração entre diferentes sistemas, sempre com foco em escalabilidade, eficiência e geração de valor para o negócio.Responsabilidades e atribuiçõesBuscamos uma pessoa com perfil prático, investigativo e orientado à solução, que goste de transformar desafios de negócio em aplicações reais de automação e inteligência artificial. É importante ter autonomia, curiosidade, senso crítico e facilidade para navegar entre prototipação rápida e construção de soluções robustas.Requisitos e qualificaçõesPrincipais responsabilidadesPrototipar, desenvolver e implementar soluções baseadas em Inteligência Artificial para diferentes áreas do negócio.Criar e manter fluxos de automação utilizando ferramentas como n8n e outras plataformas low-code/no-code.Desenvolver integrações entre sistemas internos e externos por meio de APIs REST, webhooks e serviços de terceiros.Construir soluções utilizando Python e bibliotecas voltadas para automação, análise de dados, IA e processamento de texto.Trabalhar com PLN (Processamento de Linguagem Natural) para aplicações como chatbots, classificação de texto, extração de informações e automação de interações.Realizar coleta, limpeza, transformação e estruturação de dados para uso em modelos, automações e análises.Identificar oportunidades de automação e aplicar lógica de negócio para transformar processos manuais em fluxos inteligentes e escaláveis.Desenvolver provas de conceito (PoCs), MVPs e soluções experimentais para validação rápida de ideias e casos de uso com IA.Monitorar, testar e evoluir automações e integrações, garantindo confiabilidade, performance e manutenção simplificada.Documentar fluxos, integrações e soluções implementadas, promovendo clareza técnica e continuidade operacional.Atuar em parceria com áreas de negócio e times multidisciplinares para entender necessidades e traduzi-las em soluções técnicas viáveis.RequisitosExperiência prévia como Desenvolvedor(a) de IA, Desenvolvedor(a) de Automação, AI Engineer, Automation Developer ou funções similares.Domínio de Python e experiência com bibliotecas voltadas para:automação de processos,integração com APIs,manipulação e transformação de dados,inteligência artificial e machine learning.Experiência prática com n8n ou outras plataformas de automação/workflow low-code/no-code.Conhecimento em integração de sistemas e APIs, autenticação, webhooks e orquestração de serviços.Vivência com Processamento de Linguagem Natural (PLN) e aplicações de IA generativa, chatbots ou análise textual.Conhecimento em limpeza, preparação e transformação de dados para uso em automações, análises e soluções de IA.Experiência com web scraping e automação de tarefas repetitivas.Lógica de programação avançada e capacidade de estruturar fluxos com regras de negócio complexas.Boa capacidade analítica, pensamento estruturado e habilidade para resolução de problemas.Boa comunicação para interagir com áreas técnicas e não técnicas.Capacidade de atuar em ambientes dinâmicos, colaborativos e multiculturais.DiferenciaisExperiência com LLMs, agentes de IA, RAG, embeddings e orquestração de prompts.Conhecimento em serviços de nuvem como AWS, Azure ou GCP.Vivência com bancos de dados relacionais e não relacionais.Experiência com ferramentas de observabilidade, monitoramento e troubleshooting de automações.Familiaridade com versionamento de código, boas práticas de desenvolvimento e documentação técnica.Experiência na criação de MVPs e protótipos rápidos para validação de novas soluções.Conhecimento em segurança de dados, governança e boas práticas no consumo de APIs e uso de modelos de IA.Informações adicionais🥳 Benefícios:• Vale&nbsp;Refeição/Vale&nbsp;Alimentação&nbsp;•&nbsp;Assistência&nbsp;médica&nbsp;&nbsp;•&nbsp;Assistência&nbsp;odontológica&nbsp;•&nbsp;Day Off•&nbsp;Gympass/ Totalpass•&nbsp;Auxílio&nbsp;Creche&nbsp;• Assistência Pet•&nbsp;Auxílio&nbsp;Combustível•&nbsp;Auxílio&nbsp;Home Office•&nbsp;Reembolso&nbsp;Educacional&nbsp;• Plataforma de saúde online e gratuita• E-learning - Academia Stefanini com&nbsp;diversos&nbsp;cursos&nbsp;• Mentoring - Plataforma de Mentoria (Essa é&nbsp;uma&nbsp;oportunidade&nbsp;para&nbsp;conhecer&nbsp;pessoas,&nbsp;desenvolver&nbsp;habilidades&nbsp;e&nbsp;compartilhar&nbsp;experiências.)&nbsp;• Descontos em instituições para Graduação, Pós Graduação, Idiomas e Cursos• Vantagens&nbsp;e&nbsp;descontos&nbsp;nos&nbsp;melhores&nbsp;estabelecimentos",122341,Gauge,https://attachments.gupy.io/production/companies/39703/career/122341/images/2022-12-21_22-53_companyLogoUrl.png,https://gaugecarreiras.gupy.io/eyJzb3VyY2UiOiJndXB5X3BvcnRhbCJ9,vacancy_type_effective,2026-03-20T21:42:49.874Z,2026-05-19,True,,,Brasil,https://gaugecarreiras.gupy.io/job/eyJqb2JJZCI6MTEwMjQxNDksInNvdXJjZSI6Imd1cHlfcG9ydGFsIn0=?jobBoardSource=gupy_portal,remote,True,[],"{'friendlyBadge': True, 'isPWD': True}"
6,11019582,42805,Desenvolvedor WEB PL ( OIC / OFS) RHA1127,"Venha fazer parte de uma empresa que ama transformar com tecnologia e abraça a diversidade em todas as suas formas!Responsabilidades e atribuiçõesDesenvolvedor WEB, com experiencia em OIC e OFS OracleDesejavel conhecimento em IA e Phytonvivência em Oracle Field Service (OFS) e Oracle Integration Cloud (OIC).Deverá saber realizar integrações de campo (OFS) e a sistemas corporativos via OIC, com foco em valor de negócio, confiabilidade, governança e segurança.ResponsabilidadesIntegrações: orquestrar dados e serviços via OIC (REST/SOAP, adapters, mappings, error handling) e acoplar fluxos de IA às jornadas do OFS (agendamento, ordens, eventos).Requisitos obrigatóriosEnsino Superior completo ou cursando.Experiência prática e aplicada (NLP/LLM/RAG ou predição) em produção.Vivência com OIC (integrações/orchestrations, tratamento de erros, autenticação OAuth/JWT).Vivência com OFS (configuração, APIs/Events, modelagem de atividades/recursos).APIs REST/SOAP, JSON/XML, webhooks; Git e CI/CD.Boas práticas de segurança e observabilidadeDIFERENCIAL:N8nPhythonYyamlEntenda de fluxos e Agentes de IARequisitos e qualificaçõesImprescindível:Experiencia em OIC e OFS OracleFORMAÇÃO SUPERIOR - CURSANDOInformações adicionais",95182,Spread Tecnologia,https://attachments.gupy.io/production/companies/42805/career/95182/images/2022-09-22_18-24_logo.png,https://spread.gupy.io/eyJzb3VyY2UiOiJndXB5X3BvcnRhbCJ9,vacancy_type_effective,2026-03-20T20:55:56.775Z,2026-05-19,True,,,Brasil,https://spread.gupy.io/job/eyJqb2JJZCI6MTEwMTk1ODIsInNvdXJjZSI6Imd1cHlfcG9ydGFsIn0=?jobBoardSource=gupy_portal,remote,False,[],"{'friendlyBadge': True, 'isPWD': False}"
7,10866893,19607,Desenvolvedor FullStack Pleno,"A Aliant desenvolve soluções digitais que inspiram e fortalecem a cultura de integridade, confiança e relações sustentáveis. Com uma plataforma completa, versátil e descomplicada, oferecemos expertise em soluções para governança, riscos, compliance, cibersegurança, privacidade e ESG. Somos aliados estratégicos de mais de mil empresas no Brasil e no mundo.Estamos em busca de um(a) profissional para impulsionar a cultura dos nossos #aliados, atuando na área de XX, com responsabilidade sobre as atividades XX.Nosso modelo de trabalho é híbrido, com presença no escritório em Alphaville - Barueri duas vezes por semana.Responsabilidades e atribuições• Desenvolvimento e manutenção de aplicações web;&nbsp;• Atuação em fullstack, conforme especialidade;&nbsp;• Implementação e consumo de APIs&nbsp;RESTful;&nbsp;• Participação em projetos com arquitetura monolítica e microsserviços;&nbsp;• Colaboração com o time técnico garantindo qualidade, performance e escalabilidade.&nbsp;&nbsp;Requisitos e qualificaçõesREQUISITOS&nbsp;Experiência mínima de 4 anos com:&nbsp;• Vue.js;&nbsp;• Node.js;&nbsp;• Integração com APIs&nbsp;RESTful;&nbsp;• Arquitetura de microsserviços;&nbsp;• MySQL.&nbsp;&nbsp;DIFERENCIAIS&nbsp;•&nbsp;Ensino superior completo ou em andamento em Ciência da Computação, Sistemas de Informação, Engenharia de Software ou áreas correlatas.Informações adicionais",233353,Be.Aliant,https://attachments.gupy.io/production/companies/19607/career/233353/images/2026-01-06_16-51_companyLogoUrl.png,https://bealiant.gupy.io/eyJzb3VyY2UiOiJndXB5X3BvcnRhbCJ9,vacancy_legal_entity,2026-03-20T20:06:12.350Z,2026-04-19,True,,,Brasil,https://bealiant.gupy.io/job/eyJqb2JJZCI6MTA4NjY4OTMsInNvdXJjZSI6Imd1cHlfcG9ydGFsIn0=?jobBoardSource=gupy_portal,remote,True,[],"{'friendlyBadge': True, 'isPWD': True}"
8,11023341,86530,Desenvolvedor Backend Java Pleno,"Estamos em busca de profissionais de desenvolvimento de software com perfil pleno, que tenham paixão por tecnologia, visão de produto e foco em entregar soluções de alto impacto.Buscamos pessoas que tenham autonomia, senso crítico e estejam sempre em movimento — acompanhando tendências, propondo melhorias e contribuindo para a evolução contínua dos nossos projetos.Se você gosta de desafios, curte trabalhar com times diversos e quer construir soluções que realmente fazem a diferença, essa vaga pode ser a sua cara!Responsabilidades e atribuiçõesProjetar, desenvolver e manter microserviços Java com foco em desempenho, escalabilidade e resiliência;Trabalhar em conjunto com times de arquitetura, produto e infraestrutura, transformando requisitos de negócio em soluções técnicas robustas;Atuar na definição de padrões de desenvolvimento, boas práticas e revisão de código (code review);Criar e manter APIs RESTful, integrações entre sistemas e fluxos assíncronos baseados em mensageria (Kafka, RabbitMQ ou similares);Implementar testes automatizados (unitários, integração e contrato), garantindo qualidade e confiabilidade nas entregas;Colaborar com o time de DevOps na evolução dos pipelines de CI/CD, infraestrutura como código (IaC) e observabilidade;Participar ativamente da definição arquitetural e da modernização de sistemas legados para ambientes cloud-native;Monitorar e otimizar performance de aplicações em produção, propondo melhorias contínuas e práticas de engenharia de confiabilidade (SRE mindset).Requisitos e qualificaçõesExperiência sólida com Java 21;Experiência Micronaut e Spring;Experiência com microsserviços e APIs REST;Conhecimento em bancos relacionais e não relacionais;Experiência com AWS e Kubernetes;Noções de segurança e autenticação;Monitoramento (Prometheus, Grafana, ELK);Testes automatizados.Desejáveis:Experiência com arquitetura reativa (Spring WebFlux, Reactor);Conhecimento em serverless (AWS Lambda, GCP Functions);Experiência prévia em empresas do setor financeiro ou ambientes regulados;Familiaridade com práticas de engenharia de caos, resiliência e testes de carga;Contribuições em comunidades, open source ou mentoria técnica.Informações adicionaisRemuneração competitiva com base na experiência;Possibilidade de crescimento na empresa e de participação em projetos estratégicos;Ambiente de trabalho dinâmico e desafiador;Oportunidade de trabalhar em uma empresa do mercado em plena expansão.",222595,Extractta,https://attachments.gupy.io/production/companies/86530/career/222595/images/2025-09-04_16-31_companyLogoUrl.png,https://extractta.gupy.io/eyJzb3VyY2UiOiJndXB5X3BvcnRhbCJ9,vacancy_type_effective,2026-03-20T20:04:56.985Z,2026-05-19,True,,,Brasil,https://extractta.gupy.io/job/eyJqb2JJZCI6MTEwMjMzNDEsInNvdXJjZSI6Imd1cHlfcG9ydGFsIn0=?jobBoardSource=gupy_portal,remote,True,[],"{'friendlyBadge': True, 'isPWD': True}"
9,11023263,26833,Desenvolvedor Full Stack Junior,"Buscamos um(a) Desenvolvedor(a) Júnior com muita vontade de aprender e se desenvolver rapidamente.Essa posição tem forte atuação prática no dia a dia, incluindo suporte a sistemas críticos, correção de bugs e evolução contínua das aplicações.Responsabilidades e atribuiçõesApoiar no desenvolvimento de APIs REST;Implementar funcionalidades em Java ou Python;Realizar manutenção em banco de dados (PostgreSQL);Apoiar no frontend com Angular;Atuar em integrações entre sistemas;Investigar e corrigir bugs (dev e produção);Apoiar usuários internos em incidentes e demandas;Contribuir com testes e melhorias contínuas;Participar de rituais ágeis e code reviews.Requisitos e qualificaçõesConhecimento básico em Java ou Python;Noções de APIs REST;Conhecimento básico em SQL;Familiaridade com Git;Noções de frontend (Angular ou similares).Informações adicionaisDiferenciaisDocker / Kubernetes;AWS;Projetos pessoais fullstack;Interesse em Flutter.",64459,Blue3 Investimentos,https://attachments.gupy.io/production/companies/26833/career/64459/images/2026-03-09_18-11_companyLogoUrl.png,https://vemserblue3.gupy.io/eyJzb3VyY2UiOiJndXB5X3BvcnRhbCJ9,vacancy_legal_entity,2026-03-20T19:55:28.249Z,2026-04-30,False,Ribeirão Preto,São Paulo,Brasil,https://vemserblue3.gupy.io/job/eyJqb2JJZCI6MTEwMjMyNjMsInNvdXJjZSI6Imd1cHlfcG9ydGFsIn0=?jobBoardSource=gupy_portal,on-site,True,[],"{'friendlyBadge': True, 'isPWD': True}"
10,11019512,42805,DESENVOLVEDOR REACT NATIVE SR - RHA1105,"Venha fazer parte de uma empresa que ama transformar com tecnologia e abraça a diversidade em todas as suas formas!Responsabilidades e atribuiçõesDesenvolver e evoluir aplicações mobile utilizando React Native.Criar componentes reutilizáveis e interfaces responsivas.Integrar aplicações com APIs RESTful.Garantir performance, escalabilidade e qualidade do código.Implementar testes unitários e de integração.Publicar e manter aplicativos nas lojas (Google Play e Apple Store).Atuar no refinamento técnico de histórias e requisitos.Gerenciar suas entregas, sinalizando riscos ou impedimentos à equipe.Requisitos e qualificaçõesImprescindível:Formação Superior Completa em TI ou áreas correlatas.Experiência em projetos de TI.Experiência sólida em desenvolvimento mobile.React NativeJavaScript ES6+ / TypeScriptHooks e gerenciamento de estado (Context API, Redux ou similares)Integração com APIs REST (JSON)Publicação de apps na Google Play e Apple StoreControle de versão com GitTestes com Jest e/ou React Native Testing LibraryMetodologias Ágeis (Scrum/Kanban)Informações adicionaisDesejável:Experiência com código nativo (Android – Kotlin/Java ou iOS – Swift/Objective-C)CI/CD para mobileFirebaseFastlaneConhecimento em arquitetura mobile (MVVM, Clean Architecture)",95182,Spread Tecnologia,https://attachments.gupy.io/production/companies/42805/career/95182/images/2022-09-22_18-24_logo.png,https://spread.gupy.io/eyJzb3VyY2UiOiJndXB5X3BvcnRhbCJ9,vacancy_type_effective,2026-03-20T19:55:27.104Z,2026-05-19,True,,,Brasil,https://spread.gupy.io/job/eyJqb2JJZCI6MTEwMTk1MTIsInNvdXJjZSI6Imd1cHlfcG9ydGFsIn0=?jobBoardSource=gupy_portal,remote,True,[],"{'friendlyBadge': True, 'isPWD': True}"
11,11023210,26833,Desenvolvedor(a) Full Stack Pleno,"Essa posição é focada na sustentação e evolução de sistemas críticos da empresa (como CRM, plataformas internas e integrações).Você será peça-chave para garantir estabilidade, continuidade e evolução de aplicações já em produção.Responsabilidades e atribuiçõesDesenvolver e manter aplicações fullstack;Evoluir sistemas legados e implementar melhorias;Criar e manter APIs REST;Desenvolver integrações entre sistemas internos e externos;Trabalhar com modelagem e otimização de banco de dados;Investigar e resolver incidentes em produção;Traduzir demandas de negócio em soluções técnicas;Garantir qualidade e confiabilidade dos dados;Apoiar tecnicamente desenvolvedores menos experientes.Requisitos e qualificaçõesExperiência com Java (Spring ou Quarkus);Conhecimento em Python (scripts/automações);Experiência com Angular;APIs REST;SQL e bancos relacionais;Experiência com sistemas em produção e legados;Integrações entre sistemas;Docker, Kubernetes (EKS), CI/CD;AWS.Informações adicionaisDiferenciaisFlutter;Experiência no mercado financeiro;ETL / dados;Alta volumetria de dados;",64459,Blue3 Investimentos,https://attachments.gupy.io/production/companies/26833/career/64459/images/2026-03-09_18-11_companyLogoUrl.png,https://vemserblue3.gupy.io/eyJzb3VyY2UiOiJndXB5X3BvcnRhbCJ9,vacancy_legal_entity,2026-03-20T19:50:42.489Z,2026-04-30,False,Ribeirão Preto,São Paulo,Brasil,https://vemserblue3.gupy.io/job/eyJqb2JJZCI6MTEwMjMyMTAsInNvdXJjZSI6Imd1cHlfcG9ydGFsIn0=?jobBoardSource=gupy_portal,on-site,True,[],"{'friendlyBadge': True, 'isPWD': True}"
12,11023106,26833,Desenvolvedor(a) Full Stack Pleno,"Buscamos um Desenvolvedor(a) Full Stack Pleno com forte foco em backend para atuar na construção e evolução dos nossos sistemas internos, que sustentam operações críticas da assessoria. Você atuará diretamente em projetos estratégicos como plataformas internas, integrações com parceiros (ex: mercado financeiro) e evolução contínua de produtos proprietários.Atuação Presencial em Ribeirão Preto/SPResponsabilidades e atribuiçõesDesenvolver e evoluir aplicações fullstack com foco em backend;Projetar, desenvolver e manter APIs REST escaláveis e performáticas;Participar da definição de arquitetura e padrões de desenvolvimento;Construir integrações entre sistemas internos e serviços externos;Modelar e otimizar bancos de dados relacionais;Implementar testes automatizados (unitários e integração);Atuar em ambiente cloud-native (Docker, Kubernetes, CI/CD);Garantir observabilidade (logs, métricas e monitoramento);Trabalhar em parceria com produto e negócio na definição de soluções;Contribuir com code reviews e evolução técnica do time.Requisitos e qualificaçõesExperiência sólida com Java (Spring Boot ou Quarkus);Experiência com APIs REST e microsserviços;Conhecimento em Python (automações e apoio backend);Experiência com Angular;Domínio de SQL e bancos relacionais (PostgreSQL);Experiência com testes automatizados;Docker e Kubernetes (EKS);CI/CD;AWS (cloud computing).Informações adicionaisDiferenciaisExperiência com sistemas distribuídos e alta escala;Mensageria (Kafka, RabbitMQ);Flutter (mobile);Experiência com produtos financeiros.",64459,Blue3 Investimentos,https://attachments.gupy.io/production/companies/26833/career/64459/images/2026-03-09_18-11_companyLogoUrl.png,https://vemserblue3.gupy.io/eyJzb3VyY2UiOiJndXB5X3BvcnRhbCJ9,vacancy_legal_entity,2026-03-20T19:45:52.698Z,2026-04-30,False,Ribeirão Preto,São Paulo,Brasil,https://vemserblue3.gupy.io/job/eyJqb2JJZCI6MTEwMjMxMDYsInNvdXJjZSI6Imd1cHlfcG9ydGFsIn0=?jobBoardSource=gupy_portal,on-site,True,[],"{'friendlyBadge': True, 'isPWD': True}"
13,11019520,42805, DESENVOLVEDOR REACT NATIVE SR - RHA1106,"Venha fazer parte de uma empresa que ama transformar com tecnologia e abraça a diversidade em todas as suas formas!Responsabilidades e atribuiçõesCompor o time de desenvolvimento, assumindo itens de trabalho para desenvolvimento a cada Sprint.Realizar as atividades inerentes ao desenvolvimento – ênfase em programação - tais como análise e design, testes e programação e requisitos.Gerir seu próprio trabalho sinalizando prontamente para a equipe sobre eventuais atrasos ou outros impedimentos.Requisitos e qualificaçõesDomínio técnico e experiência em desenvolvimento&nbsp;React NativeDesenvolvimento Android (Android SDK, Android Studio)Integração com APIs RESTful e WebServices SOAPDesenvolvimento híbrido (HTML5, CSS, Javascript)Conhecimento em JQuery, Bootstrap, Node JS, Angular JS, Ionic e Sencha TouchProcesso de publicação na Google PlaySQL-LiteMétodos ágeis (Manifesto Ágil, Scrum, XP, Kanban, TDD)Análise de requisitos funcionais e não funcionaisModelagem de dados relacionalInterfaces responsivasUX e usabilidadeTestes de software (unidade, integração, sistema, aceitação, carga, desempenho, vulnerabilidade, usabilidade, acessibilidade) e automaçãoConstrução de consultas SQLControle de versão com Clearcase e GitDesejável:Experiência com Git, Jenkins, Maven, Gradle e NexusConhecimento na plataforma IBM Mobile FirstConhecimento em Flutter/DartInformações adicionaisRequisitos e qualificações:&nbsp;Imprescindível:Experiência em Projetos de TiFRONT-END - ReactFORMAÇÃO SUPERIOR - COMPLETO",95182,Spread Tecnologia,https://attachments.gupy.io/production/companies/42805/career/95182/images/2022-09-22_18-24_logo.png,https://spread.gupy.io/eyJzb3VyY2UiOiJndXB5X3BvcnRhbCJ9,vacancy_type_effective,2026-03-20T19:25:49.234Z,2026-05-19,True,,,Brasil,https://spread.gupy.io/job/eyJqb2JJZCI6MTEwMTk1MjAsInNvdXJjZSI6Imd1cHlfcG9ydGFsIn0=?jobBoardSource=gupy_portal,remote,False,[],"{'friendlyBadge': True, 'isPWD': False}"
14,11008427,551,Analista Desenvolvedor Java Sênior FX,"Transforme o futuro com a MinsaitNa Minsait, acreditamos na tecnologia como força para transformar realidades e gerar impacto positivo. Desenvolvemos soluções que conectam inovação, eficiência e progresso em setores essenciais como administração pública, telecomunicações &amp; mídia, energia &amp; utilities, indústria &amp; consumo, saúde e finanças.Aqui, você encontra um ambiente que valoriza a autonomia, a colaboração e o crescimento contínuo, com projetos desafiadores e oportunidades reais de desenvolvimento.Nosso jeito de serInovamos com propósitoCrescemos com responsabilidadeValorizamos a diversidade e quem transformaValoresInovação, conexão, confiança e antecipação de futuro&nbsp;Se você busca desafios com significado, a Minsait é o seu lugar.Responsabilidades e atribuiçõesResponsabilidades:Desenvolver e manter aplicações em Java voltadas para sistemas de negociação em tempo realProjetar e implementar soluções de alta performance e baixa latênciaTrabalhar com integrações utilizando o protocolo FIXColaborar com equipes multidisciplinares em ambiente internacionalGarantir qualidade de código utilizando ferramentas como GitHub e JaCoCo (code coverage)Participar de revisões de código, testes e iniciativas de melhoria contínuaContribuir no desenvolvimento de componentes em Node.js, quando necessárioAtuar na análise e resolução de incidentes em ambientes críticosApoiar na evolução das soluções, garantindo escalabilidade e resiliênciaRequisitos e qualificaçõesObrigatórios:Experiência sólida com desenvolvimento Java, preferencialmente em sistemas em tempo realExperiência sólida com GitHub e JaCoCo (Java Code Coverage)Inglês avançado (mínimo B2) para atuação em ambiente globalDesejáveis (diferenciais):Experiência com a plataforma CaplinConhecimento no protocolo FIX (design e integração)Experiência com Node.js, preferencialmente em sistemas financeiros/tradingVivência no mercado financeiro, especialmente câmbio (FX) ou plataformas de negociaçãoInformações adicionaisTRABALHE NA MINSAITModelo de contratação CLT.Plano de Saúde subsidiado pela empresa para o titular.Opção de inclusão de dependentes no Plano de Saúde com desconto em folha de pagamento.Assistência Odontológica (opcional).Opção de inclusão de dependentes no Plano de Assistência Odontológica com desconto em folha de pagamento.Vale Refeição ou Vale Alimentação.Vale Transporte (opcional).Impact &amp; Care - Programa de Orientação Pessoal que visa oferecer suporte emocional e aconselhamento com orientação confidencial nas áreas psicológica, jurídica, financeira, social e pet sem custo para titular e dependentes legais.Gympass - Wellhub (Acesso a mais de 700 academias em todo o Brasil com planos a partir de R$ 29,90 descontado em folha de pagamento).Opção de inclusão de dependentes no Gympass - Wellhub (até 03 dependentes - pago via cartão de crédito).Acesso a Udemy de forma pela nossa intranet.Parcerias com grandes marcas de consumo.Convênio com o SESC para titular e dependentes.Convênios para descontos com instituições de ensino (graduação e pós-graduação) e escola de idiomas/Certificadoras.Seguro de vida em grupo.Nosso compromisso com a diversidade é um elemento-chave da nossa cultura:&nbsp;Igualdade de oportunidades, respeito pelas pessoas e não discriminação são princípios de atuação para todos os profissionais da Minsait. Integramos o Bloomberg Gender-Equality Index (GEI) 2021 em termos de diversidade e igualdade de gênero.Todas as nossas vagas são abertas também para PCDs.Somos aproximadamente 50k Minsaiters no Mundo, sendo cerca de 7k no Brasil e estamos presentes nas maiores empresas em todos os setores. Nossa estrutura permite participar de projetos globais e proporciona um ambiente colaborativo que nos certifica em GreatPlacesToWork e planos diferenciados para Jovens Profissionais também reconhecidos pela Employers for Youth.&nbsp;Você atuará no nosso time em um projeto estratégico, utilizando metodologias ágeis e em um ambiente de inovação.Buscamos profissionais com senso de dono, comprometidos com o sucesso do nosso cliente e com o desenvolvimento da sua carreira dentro da MinsaitVocê será um pilar fundamental nos melhores e maiores projetos de TI do Brasil e em nível global.Venha ser um Minsaiter!",71488,Minsait an Indra Company,https://attachments.gupy.io/production/companies/551/career/71488/images/2025-04-15_16-25_companyLogoUrl.png,https://minsait.gupy.io/eyJzb3VyY2UiOiJndXB5X3BvcnRhbCJ9,vacancy_type_effective,2026-03-20T19:25:03.535Z,2026-05-17,False,São Paulo,São Paulo,Brasil,https://minsait.gupy.io/job/eyJqb2JJZCI6MTEwMDg0MjcsInNvdXJjZSI6Imd1cHlfcG9ydGFsIn0=?jobBoardSource=gupy_portal,hybrid,True,[],"{'friendlyBadge': True, 'isPWD': True}"
15,11016473,295,Pessoa Desenvolvedora Backend Node III - Tech Corporate,"Um dos maiores grupos de beleza do mundo, o Grupo Boticário é uma empresa brasileira presente em mais de 40 países. É dono das marcas O Boticário, Eudora, Quem Disse, Berenice?, Vult, O.U.i, Dr. JONES,&nbsp;Tô.que.tô, TRUSS, e do marketplace Beleza na Web, além de atuar com produtos licenciados como Australian Gold, Bio Oil, Nuxe, e Pampers e sua divisão para o mercado B2B. Essa interação entre diferentes marcas, ativos, plataformas, rede de franqueados, representantes, distribuidores, varejistas, sellers e fornecedores formam o ecossistema de beleza do Grupo Boticário que oferece, ainda, soluções digitais de gestão de negócio para o varejo brasileiro por meio das suas marcas Mooz, Casa Magalhães e GAVB. São mais de 19 mil colaboradores diretos, com mais de 4 mil lojas em 1.780 cidades brasileiras.Vem fazer beleza com a gente!Responsabilidades e atribuiçõesJunte-se ao nosso squad e seja peça fundamental na escalada do ""Impulso"", o sistema de bonificação que revoluciona a relação do Grupo Boticário com seus franqueados e parceiros. Aqui você construirá e evoluirá um produto complexo e de alto impacto financeiro, utilizando tecnologias modernas em um ambiente colaborativo e de grande crescimento. Venha desenvolver soluções back-end que gerenciam bilhões em bonificações e apoiam a expansão de um dos maiores programas do gênero no varejo brasileiro.Como será o seu dia a diaDesenvolver soluções backend robustas, escaláveis e eficientes.Propor melhorias de arquitetura, qualidade e performance.Garantir documentação atualizada e clara dos sistemas.Interagir com diferentes áreas envolvidas nos projetos para definição e manutenção das soluções.Atuar em squads ágeis, alinhando entregas aos objetivos de negócio.Requisitos e qualificaçõesO que você precisa saber:Experiência sólida em desenvolvimento backend com&nbsp;Node.js.Conhecimento avançado em bancos de dados SQL e NoSQL (MySQL, PostgreSQL, MongoDB).Vivência com ambientes em nuvem (AWS, GCP), incluindo serviços serverless e AWS Lambda.Experiência em arquitetura de microserviços e design orientado a objetos.Conhecimento em APIs REST e arquitetura orientada a eventos (pub/sub, Kafka).Experiência com Kubernetes para orquestração de containers.Familiaridade com versionamento em GitHub (uso de GitHub Copilot é diferencial).Experiência com CI/CD e integração de sistemas.Conhecimento em soluções de cache (Redis), autenticação com JWT/token e ferramentas de monitoria (Splunk, New Relic).Prática em testes unitários, de integração, segurança e regressão.Boa comunicação interpessoal, capacidade de trabalhar em equipe e entusiasmo pela cultura ágil.Compromisso com boas práticas de qualidade (clean code, clean architecture).DesejávelExperiência com soluções/sistemas de Finanças e/ou Cashback.Conhecimento em programação orientada a eventos e micro front-end.Experiência em Python.Criação e execução de triggers, functions e procedures em bancos relacionais.Otimização de consultas e processos em banco de dados.Apoio na elaboração de arquitetura de novos componentes ou serviços.Informações adicionaisNOSSOS BENEFÍCIOSJá falamos que o Grupo Boticário é o melhor e maior ecossistema de beleza, né?E quando falamos dos Benefícios, nos preocupamos com as nossas pessoas e por isso, oferecemos um pacote de benefícios* que permite uma vida mais equilibrada e completa:Aqui, sua Saúde é prioridade. Plano médico e odontológico. Auxílio medicamentos. Vale saúde para familiares. Sessões de psicoterapia gratuitas. Telemedicina e 2ª opinião médica﻿. Vacina da gripe gratuita. Programas de cuidado com a saúdePara cuidar da sua Alimentação. Vale refeição ou restaurante local (conforme modelo de trabalho). Vale alimentação. Vale alimentação de NatalGarantindo Bem-Estar e Qualidade de Vida em todos os aspectos da vida. Plano de academias e estúdios de atividade física. Auxílio home office (modelos de trabalho híbrido e remoto). Plano de saúde para pets. Day off de aniversário. Desconto de até 40% em nossos produtos. Associação para colaboradores (convênios e parcerias, loja multimarcas, academias total pass, cursos e muito mais!). Programa de viagens e hospedagens&nbsp;Para a Família, nosso bem mais precioso. Auxílio educação infantil. Crédito nutrição infantil. Auxílio babá. Auxílio material escolar. Orientação jurídica, psicológica e social. Apoio para pais atípicos. Licença parental estendida (180 dias para mães e 120 dias para pais)Mobilidade para sua jornada presencial. Vale Transporte e Estacionamento (modelos híbrido e presencial)Seguridade para proteção e tranquilidade financeira. Seguro de Vida. Apoio ao falecimento de pais. Previdência Privada. Empréstimos consignados*Os pacotes de benefícios são configurados conforme regras de elegibilidade.",210,Grupo Boticário,https://attachments.gupy.io/production/companies/295/career/210/images/2025-05-20_20-25_companyLogoUrl.png,https://grupoboticario.gupy.io/eyJzb3VyY2UiOiJndXB5X3BvcnRhbCJ9,vacancy_type_effective,2026-03-20T19:22:29.584Z,2026-05-18,True,,,Brasil,https://grupoboticario.gupy.io/job/eyJqb2JJZCI6MTEwMTY0NzMsInNvdXJjZSI6Imd1cHlfcG9ydGFsIn0=?jobBoardSource=gupy_portal,remote,True,[],"{'friendlyBadge': True, 'isPWD': True}"
16,11014026,551,Analista Desenvolvedor Sênior Java,"Transforme o futuro com a MinsaitNa Minsait, acreditamos na tecnologia como força para transformar realidades e gerar impacto positivo. Desenvolvemos soluções que conectam inovação, eficiência e progresso em setores essenciais como administração pública, telecomunicações &amp; mídia, energia &amp; utilities, indústria &amp; consumo, saúde e finanças.Aqui, você encontra um ambiente que valoriza a autonomia, a colaboração e o crescimento contínuo, com projetos desafiadores e oportunidades reais de desenvolvimento.Nosso jeito de serInovamos com propósitoCrescemos com responsabilidadeValorizamos a diversidade e quem transformaValoresInovação, conexão, confiança e antecipação de futuro&nbsp;Se você busca desafios com significado, a Minsait é o seu lugar.Responsabilidades e atribuiçõesResponsabilidades / AtribuiçõesDesenvolver aplicações backend utilizando Java 11+Implementar e evoluir microsserviços com Spring BootDesenvolver e manter integrações REST e SOAPModelar, consultar e otimizar bancos de dados relacionaisImplementar e manter testes automatizadosApoiar na definição e evolução da arquitetura técnicaGarantir boas práticas de desenvolvimento, qualidade de código e performanceAtuar na construção de soluções escaláveis e resilientesRequisitos e qualificaçõesRequisitos / QualificaçõesExperiência comprovada de +5 anos como desenvolvedor backendSólida experiência com Java 11+ em ambientes corporativosDomínio de Spring BootExperiência com arquitetura de microsserviçosExperiência com integrações REST e SOAPConhecimento em bancos de dados relacionais (Oracle e PostgreSQL)Experiência com testes automatizados (JUnit, MockMVC)Informações adicionaisTRABALHE NA MINSAITModelo de contratação CLT.Plano de Saúde subsidiado pela empresa para o titular.Opção de inclusão de dependentes no Plano de Saúde com desconto em folha de pagamento.Assistência Odontológica (opcional).Opção de inclusão de dependentes no Plano de Assistência Odontológica com desconto em folha de pagamento.Vale Refeição ou Vale Alimentação.Vale Transporte (opcional).Impact &amp; Care - Programa de Orientação Pessoal que visa oferecer suporte emocional e aconselhamento com orientação confidencial nas áreas psicológica, jurídica, financeira, social e pet sem custo para titular e dependentes legais.Gympass - Wellhub (Acesso a mais de 700 academias em todo o Brasil com planos a partir de R$ 29,90 descontado em folha de pagamento).Opção de inclusão de dependentes no Gympass - Wellhub (até 03 dependentes - pago via cartão de crédito).Acesso a Udemy de forma pela nossa intranet.Parcerias com grandes marcas de consumo.Convênio com o SESC para titular e dependentes.Convênios para descontos com instituições de ensino (graduação e pós-graduação) e escola de idiomas/Certificadoras.Seguro de vida em grupo.Nosso compromisso com a diversidade é um elemento-chave da nossa cultura:&nbsp;Igualdade de oportunidades, respeito pelas pessoas e não discriminação são princípios de atuação para todos os profissionais da Minsait. Integramos o Bloomberg Gender-Equality Index (GEI) 2021 em termos de diversidade e igualdade de gênero.Todas as nossas vagas são abertas também para PCDs.Somos aproximadamente 50k Minsaiters no Mundo, sendo cerca de 7k no Brasil e estamos presentes nas maiores empresas em todos os setores. Nossa estrutura permite participar de projetos globais e proporciona um ambiente colaborativo que nos certifica em GreatPlacesToWork e planos diferenciados para Jovens Profissionais também reconhecidos pela Employers for Youth.&nbsp;Você atuará no nosso time em um projeto estratégico, utilizando metodologias ágeis e em um ambiente de inovação.Buscamos profissionais com senso de dono, comprometidos com o sucesso do nosso cliente e com o desenvolvimento da sua carreira dentro da MinsaitVocê será um pilar fundamental nos melhores e maiores projetos de TI do Brasil e em nível global.Venha ser um Minsaiter!",71488,Minsait an Indra Company,https://attachments.gupy.io/production/companies/551/career/71488/images/2025-04-15_16-25_companyLogoUrl.png,https://minsait.gupy.io/eyJzb3VyY2UiOiJndXB5X3BvcnRhbCJ9,vacancy_type_effective,2026-03-20T19:20:30.177Z,2026-05-18,False,São Paulo,São Paulo,Brasil,https://minsait.gupy.io/job/eyJqb2JJZCI6MTEwMTQwMjYsInNvdXJjZSI6Imd1cHlfcG9ydGFsIn0=?jobBoardSource=gupy_portal,hybrid,True,[],"{'friendlyBadge': True, 'isPWD': True}"
17,11022848,295,Pessoa Desenvolvedora Backend Node III (Tech Corporate) - Vaga afirmativa para Mulheres (Cis e Trans) e Pessoas com Deficiência (PcD),"Um dos maiores grupos de beleza do mundo, o Grupo Boticário é uma empresa brasileira presente em mais de 40 países. É dono das marcas O Boticário, Eudora, Quem Disse, Berenice?, Vult, O.U.i, Dr. JONES, Tô.que.tô, TRUSS, e do marketplace Beleza na Web, além de atuar com produtos licenciados como Australian Gold, Bio Oil, Nuxe, e Pampers e sua divisão para o mercado B2B. Essa interação entre diferentes marcas, ativos, plataformas, rede de franqueados, representantes, distribuidores, varejistas, sellers e fornecedores formam o ecossistema de beleza do Grupo Boticário que oferece, ainda, soluções digitais de gestão de negócio para o varejo brasileiro por meio das suas marcas Mooz, Casa Magalhães e GAVB. São mais de 19 mil colaboradores diretos, com mais de 4 mil lojas em 1.780 cidades brasileiras.Vem fazer beleza com a gente!Responsabilidades e atribuiçõesJunte-se ao nosso squad e seja peça fundamental na escalada do ""Impulso"", o sistema de bonificação que revoluciona a relação do Grupo Boticário com seus franqueados e parceiros. Aqui você construirá e evoluirá um produto complexo e de alto impacto financeiro, utilizando tecnologias modernas em um ambiente colaborativo e de grande crescimento. Venha desenvolver soluções back-end que gerenciam bilhões em bonificações e apoiam a expansão de um dos maiores programas do gênero no varejo brasileiro.Como será o seu dia a diaDesenvolver soluções backend robustas, escaláveis e eficientes.Propor melhorias de arquitetura, qualidade e performance.Garantir documentação atualizada e clara dos sistemas.Interagir com diferentes áreas envolvidas nos projetos para definição e manutenção das soluções.Atuar em squads ágeis, alinhando entregas aos objetivos de negócio.Requisitos e qualificaçõesO que você precisa saber:Experiência sólida em desenvolvimento backend com Node.js.Conhecimento avançado em bancos de dados SQL e NoSQL (MySQL, PostgreSQL, MongoDB).Vivência com ambientes em nuvem (AWS, GCP), incluindo serviços serverless e AWS Lambda.Experiência em arquitetura de microserviços e design orientado a objetos.Conhecimento em APIs REST e arquitetura orientada a eventos (pub/sub, Kafka).Experiência com Kubernetes para orquestração de containers.Familiaridade com versionamento em GitHub (uso de GitHub Copilot é diferencial).Experiência com CI/CD e integração de sistemas.Conhecimento em soluções de cache (Redis), autenticação com JWT/token e ferramentas de monitoria (Splunk, New Relic).Prática em testes unitários, de integração, segurança e regressão.Boa comunicação interpessoal, capacidade de trabalhar em equipe e entusiasmo pela cultura ágil.Compromisso com boas práticas de qualidade (clean code, clean architecture).DesejávelExperiência com soluções/sistemas de Finanças e/ou Cashback.Conhecimento em programação orientada a eventos e micro front-end.Experiência em Python.Criação e execução de triggers, functions e procedures em bancos relacionais.Otimização de consultas e processos em banco de dados.Apoio na elaboração de arquitetura de novos componentes ou serviços.Informações adicionaisNOSSOS BENEFÍCIOSJá falamos que o Grupo Boticário é o melhor e maior ecossistema de beleza, né?E quando falamos dos Benefícios, nos preocupamos com as nossas pessoas e por isso, oferecemos um pacote de benefícios* que permite uma vida mais equilibrada e completa:Aqui, sua Saúde é prioridade. Plano médico e odontológico. Auxílio medicamentos. Vale saúde para familiares. Sessões de psicoterapia gratuitas. Telemedicina e 2ª opinião médica. Vacina da gripe gratuita. Programas de cuidado com a saúdePara cuidar da sua Alimentação. Vale refeição ou restaurante local (conforme modelo de trabalho). Vale alimentação. Vale alimentação de NatalGarantindo Bem-Estar e Qualidade de Vida em todos os aspectos da vida. Plano de academias e estúdios de atividade física. Auxílio home office (modelos de trabalho híbrido e remoto). Plano de saúde para pets. Day off de aniversário. Desconto de até 40% em nossos produtos. Associação para colaboradores (convênios e parcerias, loja multimarcas, academias total pass, cursos e muito mais!). Programa de viagens e hospedagens&nbsp;Para a Família, nosso bem mais precioso. Auxílio educação infantil. Crédito nutrição infantil. Auxílio babá. Auxílio material escolar. Orientação jurídica, psicológica e social. Apoio para pais atípicos. Licença parental estendida (180 dias para mães e 120 dias para pais)Mobilidade para sua jornada presencial. Vale Transporte e Estacionamento (modelos híbrido e presencial)Seguridade para proteção e tranquilidade financeira. Seguro de Vida. Apoio ao falecimento de pais. Previdência Privada. Empréstimos consignados*Os pacotes de benefícios são configurados conforme regras de elegibilidade.",210,Grupo Boticário,https://attachments.gupy.io/production/companies/295/career/210/images/2025-05-20_20-25_companyLogoUrl.png,https://grupoboticario.gupy.io/eyJzb3VyY2UiOiJndXB5X3BvcnRhbCJ9,vacancy_type_effective,2026-03-20T19:18:16.834Z,2026-05-19,True,,,Brasil,https://grupoboticario.gupy.io/job/eyJqb2JJZCI6MTEwMjI4NDgsInNvdXJjZSI6Imd1cHlfcG9ydGFsIn0=?jobBoardSource=gupy_portal,remote,True,[],"{'friendlyBadge': True, 'isPWD': True}"
18,11021918,73231,Desenvolvedora RPA Sênior | Python | Automação de Processos (Afirmativa para Mulheres),"Na&nbsp;RD&nbsp;Saúde, você vai acelerar seu aprendizado em um ambiente dinâmico, com oportunidades reais de desenvolvimento e crescimento profissional.Somos líderes no mercado brasileiro de farmácias, com lojas em todo o país e mais de 60 mil pessoas&nbsp;apaixonadas por cuidar de gente.&nbsp;Trilhamos um caminho de desenvolvimento que&nbsp;impulsiona carreiras&nbsp;e transforma futuros.&nbsp;Juntos por uma sociedade&nbsp;de mais saudável impactamos mais de 1 milhão de vidas e queremos ir ainda mais longe — de forma sólida, humana e lado a lado com você. Venha fazer parte dessa jornada e trilhar um caminho que transforma.Responsabilidades e atribuiçõesDesenvolver, testar e implementar automações de processos utilizando ferramentas de RPA e, principalmente, a linguagem Python. Integrar soluções de automação com sistemas corporativos, como APIs, bancos de dados e outras aplicações internas. Garantir a qualidade, performance, escalabilidade e segurança das soluções desenvolvidas, seguindo boas práticas de desenvolvimento e versionamento de código.Atuar na análise e resolução de incidentes, bem como na manutenção corretiva e evolutiva das automações existentes. Participar do desenho técnico das soluções, contribuindo na definição de arquiteturas e abordagens de automação junto ao time de desenvolvimento e áreas de negócio.Espera-se experiência sólida com desenvolvimento em Python, forte domínio de lógica de programação e vivência com construção de soluções automatizadas. É desejável familiaridade com mapeamento de processos, fluxogramas e integrações entre sistemas, além de experiência com versionamento de código, especialmente com Git.Requisitos e qualificaçõesFormação superior completa ou em andamento em áreas como Ciência da Computação, Sistemas de Informação, Engenharia da Computação ou correlatas. Certificações relacionadas a desenvolvimento, automação ou ferramentas de RPA são consideradas um diferencial.Experiência sólida em desenvolvimento utilizando Python, com domínio de lógica de programação e construção de soluções automatizadas. Vivência com versionamento de código, especialmente utilizando Git, e aplicação de boas práticas de desenvolvimento de software.Familiaridade com mapeamento de processos, leitura e construção de fluxogramas, além de capacidade de traduzir necessidades de negócio em soluções técnicas eficientes. Conhecimento em integrações entre sistemas, incluindo consumo e construção de APIs, manipulação de dados e interação com bancos de dados.Experiência ou conhecimento em ferramentas de automação de processos (RPA), como UiPath, Automation Anywhere, Blue Prism ou Power Automate, será considerado um diferencial. Também é desejável conhecimento em metodologias ágeis, como Scrum e Kanban.Informações adicionaisSão mais de 40 benefícios pensados pra você e pra sua família.💰 PLR&nbsp;⏰ Flexível&nbsp;🏙️ Atuação Hibrido 4x1 🏠&nbsp;👨🏻‍🍳 Restaurante no local&nbsp;🚏 Vale transporte - 3%&nbsp;🚉 Fretado Gratuito saindo do terminal de ônibus Osasco, estação Lapa (linha 7 Rubi) e Metrôs Butantã, Tatuapé e Santo Amaro&nbsp;🩺 Assistência Médica (custo em folha mensal + coparticipação)&nbsp;🩺 Assistência Odontológica&nbsp;🩺 ID Conecta - Telemedicina sem custo para o funcionário&nbsp;🩺 Benefício farmácia&nbsp;🩺 Terapia&nbsp;🩺 Plataformas Saúde Física e bem estar&nbsp;🦺 Seguro de vida&nbsp;💪🏻 Wellhub&nbsp;💪🏻 Academia no Campus/Matriz&nbsp;📗 Universidade RD&nbsp;🎉 NiveRD - Day off&nbsp;&nbsp;🎄 Cesta Natal",180322,RD Saúde,https://attachments.gupy.io/production/companies/73231/career/180322/images/2024-07-30_01-40_companyLogoUrl.jpg,https://rdsaude-corporativo.gupy.io/eyJzb3VyY2UiOiJndXB5X3BvcnRhbCJ9,vacancy_type_effective,2026-03-20T19:03:24.217Z,2026-05-19,False,São Paulo,São Paulo,Brasil,https://rdsaude-corporativo.gupy.io/job/eyJqb2JJZCI6MTEwMjE5MTgsInNvdXJjZSI6Imd1cHlfcG9ydGFsIn0=?jobBoardSource=gupy_portal,on-site,True,[],
19,11022333,391,Desenvolvedor Node.js e PHP Pleno,"Na Tecnofit, facilitamos o mundo do Health &amp; Fitness com um time de talentos incríveis, que está sempre buscando crescer, evoluir e conquistar resultados ainda mais impactantes.Nosso software de gestão facilita o dia a dia dos mais diversos segmentos fitness, como academias, dança, artes marciais, box de crossfit, pilates e muito mais, apoiando a tomada de decisões estratégicas e impulsionando o crescimento dos nossos clientes. 🚀Lembrando que todas as vagas da Tecnofit são inclusivas para PcD, pessoas pretas e pessoas LGBTQIAP+.Caso você não tenha se identificado com nenhuma vaga, cadastre o seu currículo em nosso banco de talentos para futuras oportunidades!&nbsp;Deu fit? Então vem pra Tecnofit! 💛Responsabilidades e atribuiçõesDesenvolver e manter soluções de back-end utilizando Node.js;Analisar dados de backup e desenvolver scripts de importação ou integrações para migração de dados entre sistemas;Projetar, evoluir e manter o sistema de importação de dados, garantindo sua eficiência e escalabilidade;Realizar manutenção corretiva e evolutiva nos sistemas existentes, de acordo com as necessidades dos usuários;Implementar novas funcionalidades no sistema de importação, de acordo com as demandas do produto;Realizar refatoração de código e otimizações em funcionalidades já existentes, visando melhoria contínua;Escrever e manter testes automatizados (unitários e de integração) para garantir a qualidade do código;Identificar e corrigir bugs de forma proativa, contribuindo para a estabilidade e confiabilidade do sistema.Requisitos e qualificaçõesSuperior completo ou cursando;Experiência com programação Node.js;Conhecimento em Javascript;&nbsp;Conhecimento SQL;Conhecimento PHP.Competências e habilidades:Planejamento e organização: organizar e planejar, de maneira eficaz, o trabalho de acordo com as necessidades organizacionais, através da definição de metas e previsão das necessidades e prioridades;Excelente comunicação interpessoal: verbal e escrita;Foco em resultado;Defender mudanças: capacidade de se adaptar às transformações e abertura para feedbacks;Aprendizado contínuo: esforça-se para expandir conhecimentos e refinar habilidades através de formação e treinamentos.&nbsp;Saber e gostar de trabalhar em equipe;Pensar de modo inovador e criativo;Capacidade de assumir erros e aprender com eles.Informações adicionaisAqui na Tecnofit a carga horária é de 40h semanais,&nbsp;em modelo híbrido (3 a 4x na semana no escritório e 1 a 2x em home office).&nbsp;Além disso, temos vários benefícios e facilidades para o dia a dia e seu desenvolvimento.Benefício Alimentação:&nbsp;R$43,00 por dia (desconto de apenas R$ 1 por mês!) e pago nas férias também 🎉Plano de Saúde Unimed:&nbsp;benefício sem coparticipação já no período de experiência e com mensalidade paga pela Tecnofit! 🩺Plano Odontológico DentalUni:&nbsp;já no período de experiência e sem gastos para o Tecnofitter! 🦷Auxílio Creche por modalidade de reembolso 👶🏻Seguro de vida:&nbsp;Allianz Seguros 🚩Clube Gazeta do Povo!Vale Transporte (opcional):&nbsp;descontamos até 6% na folha de pagamento! Lembrando que trabalhamos no modelo híbrido (3x por semana no escritório) 🚌Mimos &amp; Snacks:&nbsp;temos nossa lojinha Uneed e da KUK no escritório! Para os Tecnofitters que gostam de marcar presença na firma, também oferecemos salada de frutas, cafezinho, chá e muito mais! ☕ 🍎Auxílio saúde física e mental:&nbsp;reembolso para atividades físicas e aventuras, bem como atendimentos psicológicos, psiquiátricos e nutrição 🏃🏽TotalPass:&nbsp;para dar aquela tunada na vida fitness 🏋️‍♀️&nbsp;🚨 DICA IMPORTANTE: nossa comunicação é via e-mail e whatsapp, então, fique de olho na sua caixa de entrada. Caso não receba nada por lá, dê uma olhadinha na sua caixa de spam, beleza?",362,Tecnofit,https://attachments.gupy.io/production/companies/391/career/362/images/2023-05-10_14-10_companyLogoUrl.png,https://tecnofit.gupy.io/eyJzb3VyY2UiOiJndXB5X3BvcnRhbCJ9,vacancy_type_effective,2026-03-20T18:49:26.313Z,2026-05-19,False,Curitiba,Paraná,Brasil,https://tecnofit.gupy.io/job/eyJqb2JJZCI6MTEwMjIzMzMsInNvdXJjZSI6Imd1cHlfcG9ydGFsIn0=?jobBoardSource=gupy_portal,hybrid,True,[],"{'friendlyBadge': True, 'isPWD': True}"
